pub_year,p_top_10,p_top_10_china,p_top_10_us,p_top_10_eu27,p_top_10_europe,p_top_10_austria,p_top_10_belgium,p_top_10_bulgaria,p_top_10_cyprus,p_top_10_czechia,p_top_10_germany,p_top_10_denmark,p_top_10_estonia,p_top_10_spain,p_top_10_finland,p_top_10_france,p_top_10_greece,p_top_10_croatia,p_top_10_hungary,p_top_10_ireland,p_top_10_italy,p_top_10_lithuania,p_top_10_luxembourg,p_top_10_latvia,p_top_10_malta,p_top_10_netherlands,p_top_10_poland,p_top_10_portugal,p_top_10_romania,p_top_10_sweden,p_top_10_slovenia,p_top_10_slovakia,p_top_10_uk,p_top_10_switzerland,pp_top_10_china,pp_top_10_us,pp_top_10_eu27,pp_top_10_europe,pp_top_10_austria,pp_top_10_belgium,pp_top_10_bulgaria,pp_top_10_cyprus,pp_top_10_czechia,pp_top_10_germany,pp_top_10_denmark,pp_top_10_estonia,pp_top_10_spain,pp_top_10_finland,pp_top_10_france,pp_top_10_greece,pp_top_10_croatia,pp_top_10_hungary,pp_top_10_ireland,pp_top_10_italy,pp_top_10_lithuania,pp_top_10_luxembourg,pp_top_10_latvia,pp_top_10_malta,pp_top_10_netherlands,pp_top_10_poland,pp_top_10_portugal,pp_top_10_romania,pp_top_10_sweden,pp_top_10_slovenia,pp_top_10_slovakia,pp_top_10_uk,pp_top_10_switzerland
2023,282374.528061064,100171.31188083542,68002.86912496541,76393.102818836,97001.45745307211,3436.8571400589435,4554.843408870329,368.4534330485693,764.5003977180608,2299.7856229938434,18982.286049112743,4380.384025463251,445.99927355564074,10830.36434765973,2743.1377859737377,11507.61390986395,2774.0704181086107,650.0420272485954,1329.014057098887,2310.8999444548967,15556.857202646053,465.3214114917169,319.29101288169574,217.58728456699367,146.2166968819113,8834.583776972897,4826.384668977512,3275.9083219886365,1630.3417105293554,5790.896902894378,714.1258548063803,598.1425209928836,27326.66094867024,7229.151427660438,0.3547462746327218,0.2408250828851661,0.27053822220932,0.34352056511306633,0.012171271834107206,0.016130503838807073,0.0013048394824369234,0.0027073985850194536,0.008144451409216736,0.06722379025989125,0.015512674091184262,0.0015794600051857106,0.038354608052032384,0.009714536947824589,0.04075301688463701,0.009824081644888,0.0023020561794724723,0.004706564951961549,0.008183811621829998,0.05509299053801996,0.0016478873455295878,0.001130735888517,0.0007705627205862564,0.0005178112129515154,0.031286758893006104,0.017092138947935834,0.011601288347368979,0.005773685472709461,0.020507858632497072,0.002529002384563346,0.002118259480060235,0.09677452543722641,0.025601287330339936
2022,283955.06195997563,97217.63599932448,72833.67368368298,78033.03503089696,100074.11288457927,3431.8597900156587,4679.306893839432,346.0851232325751,661.9299786920616,2311.8940777466996,19665.238603917223,4449.222055492077,411.1807398392565,10756.890488709867,3037.999451566249,12054.273231809952,2572.7738245693176,730.6318419150456,1263.554264026747,2319.7985448723744,15513.857937950917,433.445288285803,345.98393132474473,207.45790559306414,119.84146922137342,9604.515344004403,4759.531831197679,3326.212991695687,1634.1358951830189,6096.687279076419,723.4907263255639,619.6184813418537,28938.98290068054,7490.716163270188,0.34236979375640647,0.2564971836774268,0.2748076913729961,0.35242940271543755,0.012085925731795514,0.016479040245103976,0.001218802443047685,0.0023311082187552714,0.00814176039613116,0.06925475625678087,0.01566875414997606,0.0014480486348829862,0.03788236918356499,0.010698874077456892,0.042451341239019856,0.009060496427888854,0.0025730544716192822,0.0044498388417701425,0.008169597431580062,0.05463490536448914,0.0015264573390380287,0.0012184460771243876,0.0007306011879524303,0.0004220437853587743,0.03382406806805997,0.016761567123844936,0.01171387109191428,0.0057549102449645905,0.02147060607757634,0.0025479057190660056,0.0021821004952860845,0.10191395321827221,0.02637993530231917
2021,282015.59522803634,82931.61819202459,80078.01981781141,82944.9398649536,106422.01201355216,3818.6239028280643,5141.135422444586,390.746809427716,634.6725958815416,2347.800297390265,21297.87179053741,4729.7281309907685,459.89299816767084,11539.938768611673,3047.7968445965003,13003.700793997086,2685.1515771432105,699.1151153827768,1249.3762012623642,2639.601582346711,16577.04734784044,471.87162197491784,320.57794651715096,198.44466885377577,127.36241149532923,10521.386693145607,4864.713629741476,3384.6229419260208,1361.6470530172137,6493.202725646614,802.1207871154463,615.6635808750791,31400.49690270783,8021.996004951047,0.2940674898668867,0.2839489062761254,0.2941147272294809,0.37736215235721227,0.01354047069538954,0.01822996851747681,0.0013855503597656016,0.002250487585157653,0.008325072574415063,0.07552019161676525,0.016771158088496257,0.0016307360513017153,0.040919505743221535,0.01080719256724816,0.04610986418493049,0.009521287554938269,0.0024789945209146183,0.004430167063109135,0.009359771682882795,0.05878060514503222,0.0016732110917247853,0.0011367383646210534,0.0007036655852074934,0.0004516147817724216,0.037307818685126504,0.017249803599718994,0.01200154530173848,0.00482826863498876,0.023024268286994002,0.0028442426613565666,0.0021830834581231463,0.11134312227420455,0.028445221259712616
2020,263327.6599671052,73307.87801556526,81770.28495652464,77824.03692710993,100689.62309292382,3652.1421810426777,4954.177663349815,340.91593176757897,521.7835107866902,2171.4511059444735,20171.891276506212,4635.276393097191,441.1409836599174,10821.43394326307,2898.3471094332235,13120.226815595834,2259.820748498796,625.0533874539258,1098.928092148041,2336.2191416099936,15722.320211461252,394.4577082218606,285.5132617849985,186.5347750484808,109.70882542895706,10258.55899783804,4165.050828509986,3017.150801716726,1147.119553905039,6226.956476008534,756.9116802546698,576.2704819802264,30668.742031790724,7656.702974825153,0.27839034465548684,0.3105267595767925,0.295540684699935,0.38237389534203103,0.013869193162233326,0.018813738230038915,0.0012946453548030848,0.0019814990603412917,0.008246194517566937,0.07660376915598642,0.017602694656824992,0.001675255017703133,0.04109493831606934,0.011006618559536375,0.04982471958029327,0.0085817826687143,0.0023736715980843307,0.004173234563681304,0.008871909399498076,0.05970629979936509,0.0014979729371048076,0.001084250935965727,0.0007083751667856794,0.0004166247687108215,0.03895739247111198,0.01581698948386312,0.011457781541421162,0.00435624405749224,0.023647179627033495,0.0028744100803889078,0.0021884160670862067,0.11646608653121306,0.029076713687356755
2019,232921.8822710134,62407.425852822314,75540.73282428391,68784.60089619209,89523.34794294846,3008.9823981245363,4519.805019801692,278.0484207167101,423.0804403637297,1827.9696539606778,18504.153682830038,4098.936192470597,389.7581337969304,9346.416786442893,2645.3588525912187,11999.171601532804,1990.9364145518443,473.18090760482187,989.1603675308315,1903.3391280608903,12571.778787224543,317.9716775293418,272.0583232054114,126.1329082990202,103.48255541871919,9654.362751819655,3175.578800745952,2651.056565737229,906.8885030439204,5662.702187576809,551.8440475286732,461.5491797238299,27506.860510997536,7036.125147793274,0.2679328590527571,0.3243178875584966,0.2953118883701902,0.3843492379079466,0.012918418693798258,0.019404810641804483,0.0011937410860916463,0.001816404866037703,0.007847994512742972,0.07944360359109479,0.017597900860604115,0.0016733427104261166,0.040126830056988735,0.011357279216528243,0.051515862247632514,0.00854765724516735,0.0020315004455195755,0.004246747269455371,0.008171577137807445,0.05397422803151146,0.0013651430017183603,0.0011680238908977271,0.0005415245105750082,0.00044428009257761937,0.04144892982011213,0.013633664513542983,0.011381741122341716,0.0038935307159707797,0.024311593794300704,0.002369223716329846,0.001981562123848888,0.11809478887428991,0.03020808985051253
2018,217821.34871957186,52330.831384122066,75428.63078469552,65427.68873387888,85734.232158278,3038.666320974852,4333.114662128278,280.10666754298336,372.73017125547295,1715.552637649838,17879.058706457276,3860.7670291826025,373.0412175610337,8871.16361142179,2401.3389217420267,11697.648824964015,1824.4970575276695,472.8769064534248,947.8373919008559,1798.9938731003003,11582.413485425082,290.74046019340125,243.26093395828303,106.8626890756303,75.83482142857144,9052.225697760265,2842.8250915526005,2398.4541597689818,709.2412118447078,5417.777126312644,610.6420899763285,438.8209928029482,26447.132619211607,6737.9809232493735,0.2402465676194759,0.3462866758841166,0.30037316873890063,0.39359884906715087,0.013950268597808105,0.019892975080724653,0.0012859468054419176,0.0017111737368559507,0.00787596187304156,0.0820812964916271,0.017724465723298048,0.0017126017250094958,0.04072678671567096,0.01102435062429792,0.053702949200006254,0.008376116795955424,0.0021709392088202395,0.004351443958420821,0.008259033761729049,0.05317391317935757,0.0013347656779396178,0.0011167910555519636,0.0004905978670309665,0.0003481514639145996,0.041558027948005706,0.013051177528115106,0.01101110691797619,0.003256068406581216,0.024872571757360722,0.002803407900859539,0.0020145912941155106,0.12141662318536207,0.03093351943166968
2017,205531.09837664274,43063.75261247099,74807.39036359968,63402.02081789225,83567.41902138844,2786.482511680063,4269.615038232287,256.50079117997177,299.6240474538274,1613.576203288088,17568.137830724027,3704.9550292464296,305.47935881052575,8409.463558262118,2254.5585462133513,11695.719416743403,1771.684905920212,404.9064752115216,871.2895547841342,1602.1327450850133,11063.716287523042,229.2410833902937,235.92891451685546,96.94449248120301,63.80127696078432,8737.883332914258,2640.224548298377,2244.267113304181,669.7159951766506,5200.197350346072,497.6731132305801,378.77169278187074,26055.099443995026,6725.387914149867,0.20952426641322763,0.36397115061640256,0.30847896653432894,0.40659257738334226,0.01355747394768328,0.020773571843653905,0.0012479901737785944,0.0014578039519097794,0.007850764268924183,0.08547678657625726,0.018026250326639005,0.0014862926400107316,0.04091577199111489,0.010969427809322538,0.05690486505020568,0.008620033269483818,0.0019700496830388006,0.00423921032712756,0.007795086766621811,0.05382988936909394,0.001115359598624835,0.0011478988648448115,0.00047167797597008377,0.00031042152484324446,0.04251367993422479,0.012845864052456314,0.01091935542129729,0.0032584655094353323,0.02530126774692039,0.002421400543087534,0.0018428923689579994,0.1267696209954961,0.03272199665777762
2016,196065.07454530732,36442.922694020686,73560.7449553828,61853.858940169084,81327.92484338746,2832.44352731279,4012.1299437667203,226.50920811517486,249.60625999000993,1538.823779919141,17243.558350792013,3695.42107271052,317.6307637981472,7994.6105768061525,2351.800445335118,11715.528531470125,1631.3282560650275,343.5419715922004,817.9732727636879,1558.0421009730799,10641.643044971042,222.27514912264905,207.24162492665053,78.56333333333332,60.17598039215677,8450.724516616054,2469.2797334945794,2089.6114899462013,571.8915673994138,4973.935538637978,522.0382336301711,361.16939856527716,25195.772145391278,6259.131062002662,0.18587156727701315,0.37518535683102583,0.3154761707744931,0.4148006728480036,0.014446446078586323,0.020463256666549173,0.00115527565855607,0.0012730786478360283,0.00784853591843327,0.08794813860031618,0.018847931388497094,0.0016200272513335777,0.0407752915471885,0.011994999368394176,0.059753265892150846,0.008320340886046256,0.0017521834135370892,0.0041719478834292235,0.007946556032920809,0.05427607680587671,0.0011336804866349873,0.0010570042900667682,0.0004007002956315846,0.00030691840722632687,0.04310163111004879,0.012594184554393805,0.01065774460235817,0.002916845688737182,0.02536879936507298,0.002662576365733801,0.0018420894154803538,0.1285071918281344,0.03192374305581019
2015,190442.9372649646,32189.63377688351,73840.6447364057,61214.68023991122,80140.25812366573,2665.1304688446676,4203.190412063344,262.59569548808685,215.73482153467447,1487.112304762496,17127.08635558457,3563.7806136404674,296.9437070598481,7848.488461440064,2285.3247950478944,11631.535096477164,1698.173661915441,358.52450030347603,810.30080178347,1486.4119230565443,10218.36683775649,212.64666226253988,223.41942118339173,105.98159273898399,56.95483316133465,8245.489834246147,2342.684645158105,1981.6664119797097,598.0961028280317,4846.126611456468,535.5014438971194,396.5101617301724,24313.3950851207,6302.106192885035,0.16902508561973,0.387731074708592,0.3214331868592365,0.4208098198578298,0.013994378090990337,0.022070602735009364,0.0013788681232254657,0.0011328055775285649,0.007808702838338742,0.08993290379551086,0.018713115145258207,0.0015592266708568366,0.0412117591450525,0.012000050135061223,0.06107622190417137,0.008916968443690616,0.001882582286601988,0.004254822013462714,0.007805025192341415,0.0536557930921828,0.0011165899104290914,0.0011731567701696742,0.000556500515382889,0.0002990650846877718,0.04329638028410652,0.012301241930010308,0.010405565259805898,0.0031405528155444085,0.02544660716251198,0.0028118734755286437,0.002082041830611471,0.12766761232680057,0.03309183466392807
2014,186806.30274246502,29095.680798290046,73419.19373330996,60349.59608876659,78831.93221045828,2546.975762907014,3955.9474897040204,275.7099293882444,244.62770315528562,1433.7530187321338,16624.06897733465,3313.6137093877464,282.44678430925774,7842.504140677173,2149.1346393098565,11818.749735582573,1543.559272962008,356.77110677162995,835.3242291225964,1429.605461456396,9832.472981505218,195.98989858566247,175.73392395366432,70.90133010780069,49.43450078693687,7733.713659517767,2124.0191245264277,1897.8945195464853,571.0784073997224,4645.454396118359,524.2921605003678,376.643032614339,22967.665282412305,6005.166392580981,0.15575320731229259,0.39302310818991565,0.3230597426467231,0.4219982465963024,0.01363431386155277,0.02117673457280384,0.0014759134212315296,0.0013095259611905833,0.007675078397695901,0.08899094266777995,0.0177382329222369,0.0015119767382722874,0.04198201037943034,0.0115046152499078,0.06326740351944196,0.008262886478139822,0.0019098451258546768,0.004471606240578464,0.0076528759494120455,0.052634589075190176,0.001049161059923434,0.0009407280234860956,0.00037954463563013023,0.00026462972641286243,0.04139963987285602,0.011370168422286286,0.010159692107192772,0.003057061774767968,0.02486776049800995,0.002806608518038964,0.0020162222959553286,0.12294909189480613,0.03214648705327585
2013,175452.20677735258,24314.286176503774,70813.74777091791,57312.163708236025,74867.58014636622,2395.665542130527,3714.712788452154,210.97041350877006,195.6910832086804,1240.6701999215138,16120.18969138753,2933.5228196784606,233.4392639921491,7403.433966102282,1920.9962902866914,11304.406999698389,1530.4263268832688,305.53507688557704,686.9428622338615,1336.3002980882925,8909.621728273443,151.55246829896424,157.66059340659345,74.3731993006993,43.192464349376095,7500.864348839409,1878.0652249717748,1745.8057855532206,513.3952956098545,4293.006358729887,464.70713950266014,329.6060976829667,21479.279649033033,5656.313625875595,0.1385806803066228,0.40360705101178906,0.32665399176748283,0.42671210309353685,0.013654234313339854,0.021172220382306702,0.0012024380735004936,0.0011153526467581614,0.007071271559986214,0.09187795347506754,0.016719782974294974,0.0013305005863413371,0.04219630007559369,0.010948829459434614,0.06443012149766568,0.008722753363970891,0.0017414148416685267,0.003915270573402285,0.007616320835360291,0.05078090433812372,0.0008637820582746108,0.0008985956705957165,0.00042389435087059513,0.00024617794864322787,0.04275161017699792,0.01070414136970659,0.009950321045369546,0.0029261261801132488,0.024468238032353037,0.002648625218446923,0.0018786090168773663,0.12242239663756446,0.032238486649833996
2012,163069.5991002335,19816.15367410018,67139.04938410287,53433.074418274686,70023.41095863002,2181.429280990414,3431.955790158755,191.0028044632002,177.81527900260647,1076.6709612181808,15157.948334320095,2678.368272021836,222.92576312576307,6843.924690693743,1731.678041367197,10533.221257143232,1488.9853074072914,286.31692261346643,667.7620084617847,1253.7836663822236,8024.512335558477,151.17205798810744,99.60034002229646,76.82021009680854,28.583333333333343,7219.190753096011,1581.4330774708424,1527.5540921144698,433.22998482226905,3822.556687899719,436.31585758961467,299.29447720149165,19938.037206737274,5300.5960557684575,0.12151960747704939,0.41172020876089055,0.32767036107957276,0.4294081260087537,0.013377289777045208,0.02104595711950727,0.0011712962165669953,0.0010904256831667889,0.006602524119510386,0.09295385784938985,0.016424694037394008,0.0013670590003029195,0.041969347618785825,0.010619257365701818,0.06459340867495976,0.009130980364353882,0.001755795833148991,0.0040949509420902756,0.007688641373378028,0.049209125304993696,0.0009270401032579161,0.0006107842330628128,0.0004710884832039704,0.00017528302940000552,0.04427061078784288,0.009697902528715899,0.009367497685301433,0.00265671827987985,0.02344125887959116,0.002675641934468887,0.00183537875148344,0.12226704006601513,0.03250511490195273
2011,152852.42177689963,16749.514497055847,64652.014552653636,49543.167638436134,65292.21998881702,1982.8016164503517,3039.2150897210918,209.90116731221983,146.3105361740657,933.7066215145396,14082.78924463228,2436.207486118051,190.4473964537545,6269.940390024455,1569.1615276723708,9844.28240147284,1298.1757760488422,244.64944759234933,630.827753664363,1163.4372001047338,7217.756420149049,99.44462804447036,108.69384899414312,55.02428571428572,20.0,6610.98774570279,1329.4397345919376,1327.5938642243375,377.22316229965287,3476.4727593820694,416.7537409350698,248.51651986320113,18543.78702195533,4821.591920758969,0.10957964749490921,0.4229701682255217,0.3241241915731526,0.42715855744906844,0.0129720000075917,0.01988332964823462,0.0013732276196355424,0.0009572012956891037,0.006108549741379691,0.09213324251536714,0.015938298247402918,0.0012459560289579694,0.04101956852980672,0.01026585977134656,0.06440383663558409,0.008493001033007078,0.0016005598390154054,0.004127038003919275,0.007611506488283606,0.04722042566446178,0.0006505924269202472,0.0007111032179312835,0.00035998308090007285,0.00013084516272297999,0.0432507883673054,0.00869753792015387,0.008685461759723161,0.0024678913026987583,0.022743982195167704,0.0027265105524029924,0.0016258592240424618,0.12131824151940146,0.03154409897277564
2010,137693.0396021953,12769.333602393885,60547.819053744795,44865.19313055543,59308.14747688953,1818.4108320408654,2805.2639532166836,174.12703415668162,119.73509818884816,884.4766913932947,13049.693430766994,2102.2842160860014,150.01779813813636,5350.07036718587,1385.7467391123814,9063.52035744534,1210.3474289805306,221.62988996587094,534.2904348819252,1089.4280394819393,6538.853672789759,97.468304135478,85.68397186147185,49.562424242424264,20.073504273504277,5926.520663837002,1149.0383668005773,1010.3102429203419,307.27137712228534,3168.2481982119375,304.58130844764435,218.25275072298103,17026.701135221247,4337.299502211009,0.09273768404913837,0.4397304266698711,0.32583486616443413,0.4307272731303983,0.013206265453173088,0.020373317063239253,0.0012646030232156009,0.0008695798896935613,0.0064235395917513986,0.09477380605779682,0.015267904769621223,0.0010895089437457997,0.038855053114105066,0.010064028967011692,0.06582409963227247,0.00879018599979569,0.001609593996952751,0.0038803009681936517,0.007912005157481977,0.04748862899447175,0.0007078666025317668,0.0006222825213897432,0.00035994865379988366,0.00014578445164329306,0.04304154139496905,0.00834492702114957,0.007337409689256611,0.0022315679718452985,0.0230095014778178,0.0022120312640900425,0.0015850674177396934,0.12365694870570483,0.03149977308033701
2009,128858.04900526207,10556.494805610422,57735.541830595284,41640.89517788515,55384.05983763731,1486.009905846353,2555.8108123258603,164.5005112784241,82.0247574063363,759.828007426649,11916.213924981153,1963.5399447831617,100.37440647072219,4736.051009331218,1272.2304462071852,8461.44507348535,1160.9283764094741,161.21572647658863,509.7316480196284,903.6640308655046,6169.908168559952,57.071839826839856,66.15869732262921,41.2681818181818,10.66666666666666,5376.587805898507,996.0983858671528,900.9399276505236,209.61517088862288,2896.124481852004,243.02293338134047,200.19876197725668,15695.511615467063,3949.985140208888,0.08192344123710374,0.4480553778075406,0.32315323333961615,0.4298067545270349,0.011532146554428043,0.019834312501669886,0.0012766025292817102,0.000636551290660832,0.0058966282144751435,0.09247551097482891,0.015238007714232723,0.0007789533307820241,0.036754017664335545,0.009873115851344545,0.06566485476696778,0.009009358634337746,0.0012511110304797893,0.003955761025054887,0.007012864449225073,0.047881433998026746,0.0004429047332891813,0.0005134230871361985,0.00032026079966876236,8.277842749451433e-05,0.0417248891117306,0.007730199188616273,0.006991724107306115,0.0016267138336081978,0.022475309103381948,0.001885974025351077,0.0015536380033899266,0.12180466596096079,0.03065377111248662
2008,121023.54960078123,8897.195014051455,55629.893541774945,38050.39788763756,51059.40607289205,1411.211499138022,2297.1042231517367,144.62372369460599,78.66567765567767,719.3559480644569,10885.555055416666,1645.3292439239385,110.14585858585858,4268.149031159589,1180.210498971226,7871.934307439909,1043.1109843595918,139.08891560546746,458.9384435781868,789.5719350570058,5470.766652909192,58.640024966508356,56.401587301587305,52.20892857142862,18.18939393939396,4723.3184616901835,920.7770742749669,811.4949842412565,193.00526867576866,2555.0060769681145,272.72803317691466,180.43793228853565,14704.208777639073,3703.6327513390365,0.07351622922481214,0.45966172472448985,0.3144049072527942,0.4218964510735393,0.011660635502703123,0.018980638319807706,0.0011950048083341988,0.00065000306068671,0.0059439336429759895,0.08994575924540886,0.013595116399670678,0.0009101192201781823,0.0352670950838814,0.009751907813515391,0.06504464902415236,0.008619074451216215,0.0011492714935587183,0.003792141654182851,0.006524118137846363,0.0452041496961173,0.00048453400317494756,0.00046603811809882016,0.00043139478839985705,0.00015029631835618003,0.03902809393106491,0.007608247132994545,0.006705265106817013,0.0015947744824245575,0.021111643852756583,0.002253512098071483,0.001490932408475407,0.12149873992411932,0.03060257911419852
2007,112816.26399117947,7522.835985229313,52240.00949815657,35254.791375614775,47387.38193183261,1323.9330318267428,2132.6998322413015,145.84211779448626,56.15327261227075,603.4378331605392,10142.189083533587,1541.8099162392728,85.94146464646464,3709.799060216417,1090.57932225929,7289.68134809858,905.67614667527,111.44830054177356,453.39456978380196,700.5912113116149,4998.4811526424455,54.332609710550884,33.678571428571416,36.02333333333331,9.200000000000003,4446.41477276639,822.9621825508292,701.7041239768652,155.47259401762594,2396.204021041915,238.6815973278543,165.42991495486947,13606.618313241528,3242.8838570276785,0.06668219385298459,0.46305388647013657,0.31249741950656307,0.4200403404205762,0.011735302916344175,0.018904187718962635,0.0012927401833293195,0.0004977409340257986,0.005348854959491647,0.08990006161103291,0.013666557123003284,0.0007617825799760925,0.03288354824891619,0.00966686259300837,0.06461551810179181,0.00802788635817687,0.0009878744127751575,0.0040188759469933395,0.006210019606449567,0.04430638788954447,0.00048160263235448814,0.00029852585289656973,0.0003193097525029706,8.15485256693069e-05,0.039412887960144055,0.007294712246588599,0.0062198844311289,0.0013781044374043582,0.021239880991177497,0.002115666561574097,0.0014663658332791769,0.12060865899889542,0.02874482581058723
2006,109294.01804217836,6449.900694688831,51542.01052989241,33652.16171177647,45787.45824581596,1135.9518112807903,1865.0275542469474,145.4426583111877,54.84539247616728,598.5571698513113,9872.720024888482,1309.006923999514,76.06806526806524,3485.99488857041,1039.2150422613545,6985.05659260937,888.2519411703149,132.1608898967452,426.25345445643404,590.0306104320704,4583.071050493134,53.81546802054152,36.60350529100564,45.36541666666666,13.12045454545456,4021.8536526095622,800.0054511699705,598.6111384846116,115.56744861726955,2288.7985363057483,213.32804851126448,187.5719420461066,13085.252703170709,3082.2997068481145,0.059014215143958826,0.471590407720224,0.3079048818462283,0.4189383743595722,0.010393540576414784,0.017064315025248706,0.0013307467409154907,0.0005018151355273766,0.005476577589272253,0.09033175101201273,0.011976931102435511,0.0006959947729134573,0.03189556895259452,0.009508434778747948,0.06391069445277163,0.008127178020187014,0.0012092234530689699,0.003900062071941905,0.005398562711861942,0.041933411659588284,0.0004923917061935929,0.00033490858828961475,0.00041507684939499066,0.00012004732537503709,0.036798479227449235,0.0073197551476352095,0.005477071382384329,0.0010573995785631211,0.020941663389321668,0.0019518730515419214,0.0017162141662109952,0.11972524148687529,0.02820190676546089
