pub_year,p,p_china,p_us,p_eu27,p_europe,p_austria,p_belgium,p_bulgaria,p_cyprus,p_czechia,p_germany,p_denmark,p_estonia,p_spain,p_finland,p_france,p_greece,p_croatia,p_hungary,p_ireland,p_italy,p_lithuania,p_luxembourg,p_latvia,p_malta,p_netherlands,p_poland,p_portugal,p_romania,p_sweden,p_slovenia,p_slovakia,p_uk,p_switzerland,pp_china,pp_us,pp_eu27,pp_europe,pp_austria,pp_belgium,pp_bulgaria,pp_cyprus,pp_czechia,pp_germany,pp_denmark,pp_estonia,pp_spain,pp_finland,pp_france,pp_greece,pp_croatia,pp_hungary,pp_ireland,pp_italy,pp_lithuania,pp_luxembourg,pp_latvia,pp_malta,pp_netherlands,pp_poland,pp_portugal,pp_romania,pp_sweden,pp_slovenia,pp_slovakia,pp_uk,pp_switzerland
2024,2507788,754901,499435,575303,722964,21341,27451,4103,4372,17241,125033,27259,2553,77348,17357,80622,18654,5590,10487,14220,101070,3789,1868,1926,888,50317,38411,24468,12466,35478,5418,5355,161666,38390,0.3010226542275503,0.19915359671551183,0.22940655270700713,0.288287526696834,0.008509889990700969,0.01094630008597218,0.0016361032112762323,0.0017433690567145229,0.006874983052793936,0.049857882723739005,0.010869738590343363,0.0010180286371894276,0.03084311752030076,0.006921238956403013,0.03214865052388798,0.007438427809687263,0.0022290560446098315,0.004181772940934401,0.005670335770009267,0.040302449808357,0.0015108932652999375,0.0007448795512220331,0.0007680075030265716,0.00035409691728327915,0.020064295706016616,0.015316685461450489,0.00975680559919738,0.004970914606816844,0.014147128864162362,0.0021604697047756826,0.002135347964022477,0.06446557683504348,0.015308311547866087
2023,2790783,807082,552221,650078,817073,23714,30620,4691,5014,19831,141108,27856,3089,86917,19241,88674,21214,6555,11421,15390,114385,4262,2124,2337,1086,55139,44007,28824,13463,38718,5815,6577,179366,41688,0.2891955411796618,0.19787314169535933,0.2329374946027692,0.2927755400545295,0.00849725686303808,0.010971831202927638,0.001680890273446556,0.00179662840141996,0.007105891070713846,0.05056215406213955,0.009981428151167612,0.001106857824488683,0.031144306096174443,0.00689448086791413,0.03177387851366444,0.007601450918971486,0.002348803185342608,0.004092399874873825,0.0055145813916739495,0.04098670516482292,0.0015271699734447286,0.0007610767300789778,0.0008373993965134516,0.00038913810210252823,0.01975753757995516,0.015768692872215433,0.010328284212710197,0.004824094169987419,0.013873525816948147,0.0020836446258988965,0.002356686277650394,0.06427085158537944,0.01493774327849926
2022,2807214,786332,566285,662998,833985,23904,30654,4388,4901,19908,145119,27483,3091,86954,20088,91435,20739,6680,11084,15255,114952,4219,2189,2162,1030,56811,44486,28953,13837,39254,5904,6252,182573,42633,0.28011117071943925,0.20172491302764947,0.2361765080966396,0.2970863639181053,0.0085152040421571,0.01091972325586863,0.0015631156014468438,0.00174585906168892,0.007091728667639873,0.05169502574438571,0.009790133563027258,0.0011010916873455318,0.030975194623566283,0.0071558491800055146,0.032571439156402045,0.007387751699727915,0.00237958345890267,0.003948398661448682,0.005434213422988059,0.040948784096973015,0.001502913564836881,0.0007797766753799318,0.0007701585985250857,0.0003669118207589446,0.020237502377802332,0.015847028406099428,0.010313784414013325,0.004929086275574288,0.01398325884667147,0.0021031528055930186,0.0022271191294999243,0.06503707946740077,0.015186943353802025
2021,2787527,658927,608442,701232,883752,25249,32886,4371,4711,21504,155501,29412,3349,93156,20598,97204,21526,6341,11076,16400,120121,4193,2123,2146,1055,59916,48311,29370,12751,42083,6372,7320,198593,45130,0.23638407807350387,0.21827304273644704,0.25156061268644214,0.31703800537178656,0.009057849484507234,0.011797553889164123,0.0015680565605283824,0.001690028473266806,0.00771436473978548,0.05578457177275772,0.010551287933713288,0.0012014233404734735,0.03341886912664882,0.007389345466429563,0.0348710523700757,0.007722257040021495,0.002274776172571602,0.003973414427914062,0.005883351085029849,0.04309231802956527,0.0015042006768006193,0.0007616069727755104,0.0007698580139313449,0.0003784716704089324,0.021494320951868807,0.01733113257737055,0.010536220815080894,0.004574305468610707,0.015096894128738485,0.002285897141085988,0.0026259835330742984,0.07124343548959347,0.01618997771142665
2020,2604915,582233,607488,664898,842462,23810,31481,3874,4080,20513,146368,27817,2979,89475,19368,97105,18993,5801,10007,15055,116320,3854,1849,1901,887,57388,44624,26479,11065,40317,5888,6730,192781,43001,0.22351324323442415,0.2332083772407161,0.25524748408297393,0.32341247219199093,0.009140413410802272,0.012085231187965825,0.0014871886414719866,0.0015662699166767438,0.007874729117840698,0.05618916548140726,0.010678659380440436,0.001143607372985299,0.034348529606532265,0.007435175427989013,0.03727760790659196,0.007291216795941518,0.00222694406535338,0.003841584082398082,0.005779459214600093,0.0446540482127056,0.001479510847762787,0.0007098120284155145,0.0007297742920594338,0.00034051015100300776,0.02203066126917769,0.017130693323966426,0.010165014981294976,0.004247739369614747,0.015477280448690265,0.0022603424679883987,0.002583577583145707,0.0740066374526616,0.01650764036446487
2019,2303495,510975,548169,589627,748509,20824,27838,3766,3319,18579,133176,24968,2739,76220,17828,87998,16359,4888,8913,12658,96191,3197,1657,1501,763,52161,39097,23278,9298,36265,4812,5862,171101,38085,0.22182596445835567,0.23797273273872963,0.2559706011951404,0.32494492065318137,0.009040175906611474,0.012085114141771526,0.0016349069566029013,0.0014408540066290572,0.008065569927436352,0.057814755404287835,0.010839181330977493,0.0011890627068867092,0.03308884976958926,0.00773954360656307,0.03820194964608128,0.007101817021525986,0.0021219928847251678,0.003869337680350945,0.005495128055411451,0.04175871881640724,0.001387891009097046,0.000719341695988053,0.0006516185188159731,0.00033123579604036474,0.022644286182518302,0.01697290421728721,0.010105513578279962,0.004036475008628193,0.015743468077855607,0.002088999542000308,0.0025448286191200762,0.07427886754692327,0.01653357181152987
2018,2155169,436996,534002,562217,715579,20057,27181,3349,2872,17579,129411,23840,2343,71209,16740,86603,15622,4646,8543,11787,89224,2823,1568,1380,763,50000,37011,20903,7786,35176,4771,5381,165159,36861,0.20276646518208086,0.24777732047927564,0.26086910121665635,0.3320291819342242,0.009306462741436983,0.0126120039774143,0.001553938461438523,0.0013326101108544156,0.00815666892016357,0.060046799114129794,0.011061777521855595,0.0010871537220514956,0.03304102833698889,0.007767372303517729,0.040183855651227354,0.007248619481813259,0.002155747414703905,0.0039639582789099135,0.005469176663175835,0.0414000015776025,0.0013098740748405345,0.0007275531524441935,0.0006403210142684866,0.00035403256078757626,0.023200036748858212,0.017173131202239823,0.009699007363227664,0.0036127097225322003,0.01632168985355673,0.0022137475065760505,0.0024967879549121206,0.07663389738809347,0.017103531091993248
2017,2034614,375402,523504,548784,697793,18706,26523,3097,2695,17169,125573,23086,2323,68743,16415,86679,14894,4276,8074,11202,86088,2714,1510,1307,640,48437,35698,19686,7945,33955,4177,5368,159760,36338,0.18450772480676925,0.2572989274624081,0.26972388865897906,0.34296087611704235,0.009193881493000638,0.013035887888316899,0.0015221560453235847,0.0013245755705996321,0.008438455648098362,0.0617183406778878,0.011346623978798927,0.0011417399074222432,0.033786752671514104,0.008067869384561397,0.04260218400148628,0.00732030743915062,0.002101627139103535,0.00396832028089849,0.005505712631486857,0.04231171121401897,0.001333913951245789,0.0007421555145103691,0.0006423822897119552,0.00031455597966002395,0.023806481229363408,0.017545342752974275,0.00967554533685505,0.0039049175912482664,0.01668866920211893,0.0020529692609998753,0.002638338279398451,0.07852103642263349,0.0178598987326343
2016,1941735,331078,511358,534763,679583,18596,25747,3059,2249,16950,123212,22423,2254,66650,15903,85355,14478,4008,7883,10697,82763,2546,1303,1237,601,47011,34721,18966,7064,32930,4534,4976,154863,34349,0.17050627402812432,0.2633510751982119,0.2754047282456154,0.34998751116913485,0.009577002011088022,0.0132597908571458,0.0015753952006839244,0.001158242499620185,0.008729306522259731,0.06345459086847588,0.011547919772780529,0.001160817516293418,0.03432497225419535,0.00819009803088475,0.043958109628759845,0.007456218279013356,0.00206413336526354,0.004059771287019083,0.005508990670714593,0.042623220985355884,0.001311198490010223,0.0006710493450445092,0.000637059124957834,0.0003095170041226017,0.024210821765070927,0.017881430782264316,0.009767553244907261,0.0036379835559435247,0.016959059809912268,0.0023350251192876476,0.002562656593201441,0.07975496141337515,0.017689849541775785
2015,1883999,312949,504807,524810,665876,17764,25174,2899,1858,17079,119859,21142,2243,64900,15875,83980,13594,3555,7745,10055,79738,2611,1409,1417,489,45285,33025,18130,9019,31653,4286,5201,149027,33832,0.16610889920854524,0.26794440973694783,0.27856171898180415,0.35343755490316076,0.009428879739320457,0.013362002846073697,0.0015387481628174962,0.0009862000988323243,0.009065291435929638,0.0636194605198835,0.011221874321589343,0.0011905526489132956,0.03444800129936375,0.00842622527931278,0.04457539520987007,0.007215502768313571,0.0018869436767216968,0.004110936364615905,0.005337051665101733,0.04232380165806882,0.0013858818396400422,0.0007478772547119186,0.0007521235414668479,0.00025955427789505197,0.02403663696212153,0.017529202510192417,0.00962314735835847,0.0047871575303383915,0.016800964331722044,0.0022749481289533594,0.002760617176548395,0.07910142202835564,0.017957546686595906
2014,1845561,311247,493929,513080,649892,16895,24657,2988,1749,15973,116483,19716,2203,63812,15151,82746,13863,3495,7728,9759,77356,2565,1171,1340,480,43944,31118,17499,8415,30623,4246,5421,142171,32154,0.16864628153715863,0.267630817946413,0.27800760852662143,0.35213791362084484,0.009154398039403737,0.013360165283076528,0.0016190199077678819,0.0009476793235227663,0.008654820946042965,0.06311522621035014,0.01068293055607482,0.0011936749855464002,0.03457593653095183,0.008209427919207223,0.04483514768680092,0.007511537142364842,0.0018937331250497816,0.004187344661054281,0.005287823052177631,0.04191462650110183,0.0013898213063670071,0.0006344954190080957,0.0007260664914353956,0.00026008351932014167,0.023810646193758972,0.016860997821258685,0.009481669801214915,0.004559589198081234,0.01659278669195979,0.0023006554646527533,0.00293731824632185,0.07703402921929972,0.01742234475045799
2013,1733241,277849,476022,483353,618008,16055,23108,2714,1614,13393,110860,17911,2083,60696,14080,79282,13338,3271,6857,9608,72359,2134,1013,1115,358,42291,26994,16070,7117,28312,4079,4279,137912,30542,0.1603060393794054,0.2746427069288114,0.2788723553158505,0.35656207071030516,0.00926299343253477,0.013332248660169013,0.0015658526425349965,0.0009312034506453517,0.007727142388161831,0.06396109946626002,0.010333819705395845,0.001201794787914664,0.03501878850084899,0.008123509656187454,0.04574205202854075,0.007695409928567348,0.0018872159151554805,0.003956172280715722,0.005543372214250644,0.04174780079631165,0.0012312194322659112,0.000584454210349282,0.0006433034990517764,0.00020654946426953898,0.02439995361291361,0.015574291168971886,0.009271647739696904,0.004106180271526002,0.016334716291617844,0.002353394594288965,0.0024687853564507186,0.07956885395625882,0.017621323289721394
2012,1611241,234669,455356,456699,585997,14974,22013,2741,1465,12251,106363,16311,1780,58083,13333,75983,13022,3300,6765,9024,66038,1949,799,1040,356,40653,24249,14336,6128,26641,3935,3923,131004,28579,0.1456448786990897,0.28261197424842094,0.2834454932564402,0.3636929546852395,0.009293457651586573,0.01366213992816717,0.0017011731950713766,0.0009092370415102396,0.007603455969653205,0.0660130917721185,0.010123252821893186,0.0011047385214254105,0.03604861097750119,0.008274988037171348,0.04715806015363313,0.00808196911573129,0.0020481107419684577,0.004198627021035338,0.005600651919855565,0.040985799144882734,0.0012096266169989468,0.0004958910554038781,0.0006454652035294534,0.00022094770428508211,0.025230862422195067,0.015049890115755495,0.008897489574806003,0.0038032795838735486,0.01653446008387324,0.0024422168998926913,0.0024347692244673516,0.08130627261843511,0.017737259665065622
2011,1512565,209147,442979,429327,553379,14201,20547,2448,1249,11344,100289,15114,1640,54380,12473,72231,12774,2984,6415,8941,62346,1621,715,840,259,38333,21164,12727,4657,24656,3631,3316,125194,26628,0.13827306595088476,0.2928660917051499,0.2838403638851884,0.36585469054222464,0.009388687428308866,0.013584209604215356,0.0016184428437786146,0.0008257496372056738,0.007499842981954495,0.06630392743452347,0.009992297851662573,0.0010842509247536468,0.035952173956160564,0.00824625718564161,0.047753980820658945,0.008445256898050662,0.0019728077801615135,0.004241140050179662,0.00591115092574534,0.041218724484567607,0.0010716894811132083,0.0004727069580480839,0.0005553480346299168,0.00017123231067755766,0.025343043108891187,0.013992125958223283,0.008414183853255893,0.0030788759491327646,0.016300787073613366,0.0024005579925490805,0.002192302479562862,0.08276933553268785,0.01760453269776836
2010,1362622,155895,420066,398584,516157,12997,19062,2631,1106,10514,94321,13423,1439,49306,11255,68305,12173,2682,5946,8397,57667,1269,616,696,214,35831,18548,10684,4196,22989,3180,3146,118467,24915,0.11440810437524127,0.3082777175181378,0.29251252364925856,0.37879690772642743,0.009538228503576194,0.01398920610411398,0.0019308362847510168,0.0008116704412522328,0.007716006346587681,0.06922022395058938,0.009850861060514214,0.001056052228717869,0.03618464988823019,0.008259810864641845,0.05012762160012094,0.008933512008466031,0.0019682641260745826,0.0043636459707828,0.006162383992038878,0.04232061422757008,0.000931292757639316,0.0004520696128493449,0.0005107799521804286,0.00015705015771064903,0.026295627107150773,0.013611992173911767,0.007840765817666235,0.0030793572979153426,0.016871149886028555,0.002333735988410579,0.0023087840941948684,0.08694047211919373,0.018284601305424395
2009,1274793,129806,402477,381032,493716,12051,17730,2428,944,9741,90485,12692,1301,45285,11018,65155,11910,2403,5753,7597,55907,1094,498,659,189,33494,17308,9382,3718,22339,3074,2857,112669,22802,0.10182515906504036,0.3157194932824388,0.29889715428308755,0.3872911131454283,0.009453299476856242,0.013908140380438236,0.0019046229466274133,0.0007405123812258147,0.007641240577882056,0.07098015128730703,0.009956126210294534,0.0010205578474309163,0.03552341438963032,0.008642971839349605,0.051110258685135544,0.009342693284321454,0.001885011919582238,0.004512889543635712,0.005959398898487833,0.04385574756058434,0.0008581785434968658,0.0003906516587398895,0.0005169466729108177,0.00014825936446152433,0.026274069594043895,0.01357710624391568,0.007359626229513341,0.0029165519421584522,0.017523629326486732,0.00241137188547474,0.0022411481707226193,0.08838219224611368,0.017886825547363375
2008,1197571,113473,390854,354530,463002,11143,16496,2152,795,8901,83175,11345,1130,41148,10109,62422,11404,2124,5492,6834,51565,1121,374,667,185,30863,15962,8432,3315,20778,2820,2644,108699,21105,0.09475262844541159,0.32637229859440486,0.29604090279407236,0.38661757841497496,0.009304667531194393,0.013774548648890128,0.0017969707015283436,0.0006638437303508519,0.007432544709248971,0.06945308461878252,0.009473342290352722,0.0009435766230144184,0.03435954945468787,0.008441253169958191,0.052123840674164625,0.009522608680403917,0.0017735900418430306,0.004585949392562111,0.0057065510103367564,0.0430579898811845,0.0009360614109727106,0.0003122988115109668,0.0005569607146465637,0.00015447935863510388,0.025771332138136278,0.013328646067748801,0.007040918659519979,0.0027681031020290237,0.01735011953362264,0.002354766439735097,0.002207802293141701,0.09076622596906572,0.01762317223780469
2007,1116072,99353,366984,325868,430058,10151,15224,2165,648,8254,77348,9986,1051,37293,9221,56517,10208,1925,5483,5916,47556,1110,268,604,138,28490,14951,7219,2679,19152,2561,2446,102920,19427,0.08902024242163588,0.3288174956454422,0.2919775785074798,0.3853317707101334,0.009095291343210831,0.013640697015963129,0.0019398390068024285,0.0005806077027288562,0.007395580213462931,0.06930377251646846,0.008947451418904873,0.0009416955178518948,0.03341451089177042,0.008262011769849973,0.05063920607272649,0.009146363317061982,0.0017247991169028521,0.004912765484664072,0.0053007332860245575,0.042610154183601055,0.0009945594907855408,0.00024012787705452696,0.0005411837229139339,0.00012364793669225642,0.025527026930162212,0.01339608914120236,0.006468220688271007,0.0024003827710040214,0.017160183213986196,0.0022946548251367295,0.0021916148778931823,0.09221627278526834,0.01740658308782946
2006,1080711,86594,363158,315614,416842,9573,14441,2026,600,7883,75508,9147,972,35288,9159,54325,10124,1724,5272,5593,45315,1193,230,511,113,27527,14214,7048,2082,19176,2320,2402,99066,18746,0.08012687943400225,0.33603618358654624,0.2920429235938193,0.3857108884798989,0.008858057334477025,0.01336249931757889,0.0018746917538546384,0.0005551900554357271,0.007294272011666394,0.06986881784306813,0.008463872395117658,0.0008994078898058778,0.032652577793693224,0.008474976196226372,0.050267832935909786,0.009367906868718833,0.0015952460926186556,0.004878269953761921,0.005175296633420035,0.04193072893678328,0.0011039028935580372,0.00021282285458369536,0.00047283686387942754,0.00010456079377372859,0.025471194426632097,0.013152452413272373,0.006521632517851673,0.0019265094923619729,0.017743874171725835,0.0021467348810181447,0.0022226108552610272,0.0916674300529929,0.017345987965330233
